target,workload,threads,duration_s,total_ops,throughput_ops_sec,avg_us,p50_us,p95_us,p99_us,p999_us,max_us,errors,timestamp
mongodb,point_lookup,32,180.0,565660,3142.50,2987,2711,5023,7875,19423,78847,1465614,2026-09-30T23:03:58Z
redis,point_lookup,32,180.0,3146612,17481.02,731,718,866,952,1095,223231,4745977,2026-09-30T23:07:59Z
mongodb,point_lookup,128,180.0,566657,3147.82,11605,10911,19103,25743,93247,507135,1464152,2026-09-30T23:16:02Z
redis,point_lookup,128,180.0,11576593,64312.32,795,785,918,1044,1602,227455,17470115,2026-09-30T23:20:03Z
mongodb,point_lookup,256,180.0,557803,3098.36,23295,22223,34015,52927,225023,831487,1442265,2026-09-30T23:28:06Z
redis,point_lookup,256,180.0,12810390,71163.45,1435,1440,1666,1815,2709,230527,19326997,2026-09-30T23:32:07Z
mongodb,secondary_lookup,32,180.0,471952,2621.89,12203,11679,18943,28319,60159,110911,21,2026-09-30T23:40:09Z
redis,secondary_lookup,32,180.0,1733001,9627.66,3323,3309,3867,4199,4839,8759,0,2026-09-30T23:44:10Z
mongodb,secondary_lookup,128,180.0,478317,2657.07,48157,46655,80831,128319,247935,532479,93,2026-10-01T00:09:03Z
redis,secondary_lookup,128,180.0,1723350,9573.62,13368,13351,13815,14215,15151,229631,0,2026-10-01T00:13:04Z
mongodb,secondary_lookup,256,180.0,434105,2411.17,106075,96319,196735,335359,530943,1185791,93,2026-10-01T00:21:05Z
redis,secondary_lookup,256,180.0,1692753,9402.99,27220,27039,29663,33695,36095,258687,0,2026-10-01T00:25:06Z
mongodb,covered_query,32,180.0,1043408,5796.58,5519,5155,8615,11623,18959,144639,20,2026-10-01T01:09:54Z
redis,covered_query,32,180.0,326311,1812.78,17651,17647,19135,19679,20671,232959,0,2026-10-01T01:13:55Z
mongodb,covered_query,128,180.0,978159,5433.69,23551,21071,41823,65791,176895,485119,101,2026-10-01T01:21:56Z
redis,covered_query,128,180.0,322815,1793.02,71364,71999,80063,102783,119551,340991,0,2026-10-01T01:25:57Z
mongodb,covered_query,256,180.0,994647,5524.61,46316,43487,72319,122687,358655,886271,459,2026-10-01T01:33:59Z
redis,covered_query,256,180.1,320861,1781.80,143619,138623,182271,194687,206847,393727,0,2026-10-01T01:38:00Z
mongodb,range_scan,32,180.0,151783,843.22,37943,36447,69631,86143,116863,206463,80,2026-10-01T01:46:01Z
redis,range_scan,32,180.0,815589,4530.97,7061,7043,7463,7715,8295,223615,0,2026-10-01T01:50:02Z
mongodb,range_scan,128,180.0,149665,831.39,153838,148607,311295,412415,566783,932863,192,2026-10-01T02:12:31Z
redis,range_scan,128,180.0,794549,4413.74,28996,28623,35167,37343,39743,258303,0,2026-10-01T02:16:32Z
mongodb,range_scan,256,180.0,142277,790.25,323496,307711,595455,764415,999423,1351679,294,2026-10-01T02:24:34Z
redis,range_scan,256,180.1,742469,4123.45,62061,59615,75327,250495,287487,495103,0,2026-10-01T02:28:35Z
mongodb,mixed_readwrite,32,180.0,574717,3192.78,6283,4183,16559,37791,94911,506111,437448,2026-10-01T02:36:37Z
redis,mixed_readwrite,32,180.0,7123370,39573.53,807,724,1451,1640,1905,228991,0,2026-10-01T02:40:38Z
mongodb,mixed_readwrite,128,180.0,559248,3106.57,23578,12639,89023,200319,409855,1498111,686885,2026-10-01T02:48:41Z
redis,mixed_readwrite,128,180.0,16332278,90727.66,1409,1306,2591,3059,4139,230015,0,2026-10-01T02:52:42Z
mongodb,mixed_readwrite,256,180.0,535035,2971.75,44041,27567,141439,325119,834047,3024895,733845,2026-10-01T03:00:45Z
redis,mixed_readwrite,256,180.0,18940323,105209.45,2432,2259,4255,5263,6099,234495,0,2026-10-01T03:04:46Z
redis,filtered_query,32,180.0,1155985,6421.98,4982,4959,5187,5607,6643,234111,0,2026-10-01T09:07:07Z
mongodb,filtered_query,128,180.0,794118,4411.29,29010,27087,51583,83135,218623,703487,139,2026-10-01T09:15:09Z
redis,filtered_query,128,180.0,1143603,6352.85,20145,20079,21103,21663,22511,250367,0,2026-10-01T09:19:09Z
mongodb,filtered_query,256,180.0,815085,4527.33,56523,54527,84223,146559,372223,1078271,59,2026-10-01T09:27:11Z
redis,filtered_query,256,180.0,1135397,6306.79,40582,40511,42207,43103,44767,296703,0,2026-10-01T09:31:12Z
mongodb,filtered_query,32,180.0,836411,4646.59,6886,6627,10311,14839,24207,95423,304,2026-10-01T10:12:57Z
