dataset,target,workload,threads,throughput_ops_sec,avg_us,p50_us,p95_us,p99_us,p999_us,max_us,errors,hourly_cost,ops_per_dollar_hr
small,mongodb,point_lookup,32,9975.07,3207,2955,4995,9263,18383,86527,203,0.59,16906.90
small,redis,point_lookup,32,43323.37,737,719,886,981,1520,227327,0,0.48,90257.02
small,mongodb,point_lookup,128,9150.57,13985,12455,25055,44607,185983,488703,169,0.59,15509.44
small,redis,point_lookup,128,155634.30,821,809,961,1120,1715,227711,0,0.48,324238.12
small,mongodb,point_lookup,256,9389.66,27255,25839,39967,59999,207359,680959,92,0.59,15914.68
small,redis,point_lookup,256,166204.57,1538,1542,1789,2028,2953,231167,0,0.48,346259.52
small,mongodb,secondary_lookup,32,2196.38,14568,14295,21935,28735,39263,118271,115,0.59,3722.68
small,redis,secondary_lookup,32,12784.81,2502,2489,2841,3085,3487,230527,0,0.48,26635.02
small,mongodb,secondary_lookup,256,2136.13,119768,115583,226303,379903,611839,1075199,209,0.59,3620.56
small,redis,secondary_lookup,256,12327.65,20763,20655,22495,26127,28015,246911,0,0.48,25682.60
small,mongodb,covered_query,32,6212.49,5150,4815,7987,14359,27615,129023,261,0.59,10529.64
small,redis,covered_query,32,2843.02,11254,11231,12303,12807,13599,228223,0,0.48,5922.96
small,mongodb,covered_query,128,6370.37,20089,19647,28767,38943,92095,387583,194,0.59,10797.24
small,redis,covered_query,128,2827.46,45256,45439,48959,58655,74559,269055,0,0.48,5890.54
small,mongodb,covered_query,256,6259.53,40882,39711,58079,106943,319999,787967,45,0.59,10609.37
small,redis,covered_query,256,2729.58,93758,95615,121023,128831,136191,361215,0,0.48,5686.62
small,mongodb,range_scan,32,593.25,53930,52479,98879,118079,157567,257663,197,0.59,1005.51
small,redis,range_scan,32,4814.22,6646,6639,6999,7227,7831,11327,0,0.48,10029.62
small,mongodb,range_scan,128,638.94,200108,182271,475903,582655,730623,1029119,11,0.59,1082.95
small,redis,range_scan,128,4615.51,27728,28127,33407,36287,40543,251647,0,0.48,9615.65
small,mongodb,range_scan,256,603.78,422947,396799,828927,1020927,1245183,1798143,2,0.59,1023.36
small,redis,range_scan,256,4450.88,57445,54847,69183,96511,281599,489471,0,0.48,9272.67
small,mongodb,mixed_readwrite,32,3819.85,8375,3205,33183,58559,104703,517887,414,0.59,6474.32
small,redis,mixed_readwrite,32,34461.77,927,760,1582,1760,1982,216063,0,0.48,71795.35
small,mongodb,mixed_readwrite,128,3325.26,33774,5519,157567,296447,553983,1981439,98691,0.59,5636.03
small,redis,mixed_readwrite,128,80288.20,1593,1350,2783,3069,3735,225791,0,0.48,167267.08
small,mongodb,mixed_readwrite,256,3495.06,61661,23791,261503,522751,1046527,2914303,104632,0.59,5923.83
small,redis,mixed_readwrite,256,87661.57,2919,2503,4875,5379,6251,216319,0,0.48,182628.27
small,mongodb,filtered_query,32,4112.37,7780,7039,15215,26863,42239,132351,119,0.59,6970.12
small,redis,filtered_query,32,6411.77,4990,4975,5183,5455,6411,235263,0,0.48,13357.85
small,mongodb,filtered_query,128,4462.51,28677,27359,44799,70079,196223,483839,157,0.59,7563.58
small,redis,filtered_query,128,6327.71,20226,20095,21487,22815,23391,251647,0,0.48,13182.73
small,mongodb,filtered_query,256,4535.87,56417,54431,84799,153215,366591,756735,213,0.59,7687.92
small,redis,filtered_query,256,6311.94,40549,40543,41791,42591,44895,281087,0,0.48,13149.88
small,mongodb,secondary_lookup,128,2671.27,47904,46655,80063,132863,274431,516607,172,0.59,4527.58
small,redis,secondary_lookup,128,8039.67,15918,15879,16527,16959,17759,242175,0,0.48,16749.31
overmemory,mongodb,point_lookup,32,3142.50,2987,2711,5023,7875,19423,78847,1465614,0.59,5326.27
overmemory,redis,point_lookup,32,17481.02,731,718,866,952,1095,223231,4745977,0.48,36418.79
overmemory,mongodb,point_lookup,128,3147.82,11605,10911,19103,25743,93247,507135,1464152,0.59,5335.29
overmemory,redis,point_lookup,128,64312.32,795,785,918,1044,1602,227455,17470115,0.48,133984.00
overmemory,mongodb,point_lookup,256,3098.36,23295,22223,34015,52927,225023,831487,1442265,0.59,5251.46
overmemory,redis,point_lookup,256,71163.45,1435,1440,1666,1815,2709,230527,19326997,0.48,148257.19
overmemory,mongodb,secondary_lookup,32,2621.89,12203,11679,18943,28319,60159,110911,21,0.59,4443.88
overmemory,redis,secondary_lookup,32,9627.66,3323,3309,3867,4199,4839,8759,0,0.48,20057.62
overmemory,mongodb,secondary_lookup,128,2657.07,48157,46655,80831,128319,247935,532479,93,0.59,4503.51
overmemory,redis,secondary_lookup,128,9573.62,13368,13351,13815,14215,15151,229631,0,0.48,19945.04
overmemory,mongodb,secondary_lookup,256,2411.17,106075,96319,196735,335359,530943,1185791,93,0.59,4086.73
overmemory,redis,secondary_lookup,256,9402.99,27220,27039,29663,33695,36095,258687,0,0.48,19589.56
overmemory,mongodb,covered_query,32,5796.58,5519,5155,8615,11623,18959,144639,20,0.59,9824.71
overmemory,redis,covered_query,32,1812.78,17651,17647,19135,19679,20671,232959,0,0.48,3776.62
overmemory,mongodb,covered_query,128,5433.69,23551,21071,41823,65791,176895,485119,101,0.59,9209.64
overmemory,redis,covered_query,128,1793.02,71364,71999,80063,102783,119551,340991,0,0.48,3735.46
overmemory,mongodb,covered_query,256,5524.61,46316,43487,72319,122687,358655,886271,459,0.59,9363.75
overmemory,redis,covered_query,256,1781.80,143619,138623,182271,194687,206847,393727,0,0.48,3712.08
overmemory,mongodb,range_scan,32,843.22,37943,36447,69631,86143,116863,206463,80,0.59,1429.19
overmemory,redis,range_scan,32,4530.97,7061,7043,7463,7715,8295,223615,0,0.48,9439.52
overmemory,mongodb,range_scan,128,831.39,153838,148607,311295,412415,566783,932863,192,0.59,1409.14
overmemory,redis,range_scan,128,4413.74,28996,28623,35167,37343,39743,258303,0,0.48,9195.29
overmemory,mongodb,range_scan,256,790.25,323496,307711,595455,764415,999423,1351679,294,0.59,1339.41
overmemory,redis,range_scan,256,4123.45,62061,59615,75327,250495,287487,495103,0,0.48,8590.52
overmemory,mongodb,mixed_readwrite,32,3192.78,6283,4183,16559,37791,94911,506111,437448,0.59,5411.49
overmemory,redis,mixed_readwrite,32,39573.53,807,724,1451,1640,1905,228991,0,0.48,82444.85
overmemory,mongodb,mixed_readwrite,128,3106.57,23578,12639,89023,200319,409855,1498111,686885,0.59,5265.37
overmemory,redis,mixed_readwrite,128,90727.66,1409,1306,2591,3059,4139,230015,0,0.48,189015.96
overmemory,mongodb,mixed_readwrite,256,2971.75,44041,27567,141439,325119,834047,3024895,733845,0.59,5036.86
overmemory,redis,mixed_readwrite,256,105209.45,2432,2259,4255,5263,6099,234495,0,0.48,219186.35
overmemory,redis,filtered_query,32,6421.98,4982,4959,5187,5607,6643,234111,0,0.48,13379.12
overmemory,mongodb,filtered_query,128,4411.29,29010,27087,51583,83135,218623,703487,139,0.59,7476.76
overmemory,redis,filtered_query,128,6352.85,20145,20079,21103,21663,22511,250367,0,0.48,13235.10
overmemory,mongodb,filtered_query,256,4527.33,56523,54527,84223,146559,372223,1078271,59,0.59,7673.44
overmemory,redis,filtered_query,256,6306.79,40582,40511,42207,43103,44767,296703,0,0.48,13139.15
overmemory,mongodb,filtered_query,32,4646.59,6886,6627,10311,14839,24207,95423,304,0.59,7875.58
